{
  "parent": "minecraft:item/generated",
  "textures": {
    "layer0": "minecraft:item/enchanted_book"
  },
  "overrides": [
    {"predicate": {"custom_model_data": 101}, "model":"minecraft:item/emoji/hearts/red_heart"},
    {"predicate": {"custom_model_data": 102}, "model":"minecraft:item/emoji/hearts/orange_heart"},
    {"predicate": {"custom_model_data": 103}, "model":"minecraft:item/emoji/hearts/yellow_heart"},
    {"predicate": {"custom_model_data": 104}, "model":"minecraft:item/emoji/hearts/green_heart"},
    {"predicate": {"custom_model_data": 105}, "model":"minecraft:item/emoji/hearts/light_blue_heart"},
    {"predicate": {"custom_model_data": 106}, "model":"minecraft:item/emoji/hearts/blue_heart"},
    {"predicate": {"custom_model_data": 107}, "model":"minecraft:item/emoji/hearts/purple_heart"},
    {"predicate": {"custom_model_data": 108}, "model":"minecraft:item/emoji/hearts/pink_heart"},
    {"predicate": {"custom_model_data": 109}, "model":"minecraft:item/emoji/hearts/heartpulse"},
    {"predicate": {"custom_model_data": 110}, "model":"minecraft:item/emoji/hearts/white_heart"},
    {"predicate": {"custom_model_data": 111}, "model":"minecraft:item/emoji/hearts/black_heart"}
  ]
}