{
    "providers": [
      {"type": "bitmap", "file": "minecraft:item/guis/pixel.png","ascent": -2000,"height": -3,"chars": ["七"]},
      {"type": "bitmap", "file": "minecraft:item/guis/upper_section.png","ascent": 13,"height": 139,"chars": ["ㇺ"]},
      {"type": "bitmap", "file": "minecraft:item/emoji/smiles/smile.png", "ascent": 8, "height": 10, "chars": ["⿅"]},
      {"type": "bitmap", "file": "minecraft:item/emoji/smiles/frowning.png", "ascent": 8, "height": 10, "chars": ["⽷"]},
      {"type": "bitmap", "file": "minecraft:item/emoji/smiles/skull.png", "ascent": 8, "height": 10, "chars": ["诮"]},
      {"type": "bitmap", "file": "minecraft:item/emoji/smiles/clown_face.png", "ascent": 8, "height": 10, "chars": ["挷"]},
      {"type": "bitmap", "file": "minecraft:item/emoji/smiles/cold_face.png", "ascent": 8, "height": 10, "chars": ["瘛"]},
      {"type": "bitmap", "file": "minecraft:item/emoji/smiles/rage.png", "ascent": 8, "height": 10, "chars": ["曻"]},


      {"type": "bitmap", "file": "minecraft:item/emoji/hearts/red_heart.png", "ascent": 8, "height": 10, "chars": ["媀"]},
      {"type": "bitmap", "file": "minecraft:item/emoji/hearts/orange_heart.png", "ascent": 8, "height": 10, "chars": ["鬣"]},
      {"type": "bitmap", "file": "minecraft:item/emoji/hearts/yellow_heart.png", "ascent": 8, "height": 10, "chars": ["觮"]},
      {"type": "bitmap", "file": "minecraft:item/emoji/hearts/green_heart.png", "ascent": 8, "height": 10, "chars": ["継"]},
      {"type": "bitmap", "file": "minecraft:item/emoji/hearts/light_blue_heart.png", "ascent": 8, "height": 10, "chars": ["佃"]},
      {"type": "bitmap", "file": "minecraft:item/emoji/hearts/blue_heart.png", "ascent": 8, "height": 10, "chars": ["青"]},
      {"type": "bitmap", "file": "minecraft:item/emoji/hearts/purple_heart.png", "ascent": 8, "height": 10, "chars": ["橙"]},
      {"type": "bitmap", "file": "minecraft:item/emoji/hearts/pink_heart.png", "ascent": 8, "height": 10, "chars": ["紫"]},
      {"type": "bitmap", "file": "minecraft:item/emoji/hearts/heartpulse.png", "ascent": 8, "height": 10, "chars": ["梾"]},
      {"type": "bitmap", "file": "minecraft:item/emoji/hearts/white_heart.png", "ascent": 8, "height": 10, "chars": ["白"]},
      {"type": "bitmap", "file": "minecraft:item/emoji/hearts/black_heart.png", "ascent": 8, "height": 10, "chars": ["黒"]},


      {"type": "bitmap", "file": "minecraft:item/emoji/uaproject/bam.png", "ascent": 8, "height": 10, "chars": ["噸"]},
      {"type": "bitmap", "file": "minecraft:item/emoji/uaproject/catlaugh.png", "ascent": 8, "height": 10, "chars": ["溫"]},
      {"type": "bitmap", "file": "minecraft:item/emoji/uaproject/cat_afraid.png", "ascent": 8, "height": 10, "chars": ["觀"]},
      {"type": "bitmap", "file": "minecraft:item/emoji/uaproject/cat_angry.png", "ascent": 8, "height": 10, "chars": ["岬"]},
      {"type": "bitmap", "file": "minecraft:item/emoji/uaproject/cat_blink.png", "ascent": 8, "height": 10, "chars": ["袪"]},
      {"type": "bitmap", "file": "minecraft:item/emoji/uaproject/cat_bomb.png", "ascent": 8, "height": 10, "chars": ["徨"]},
      {"type": "bitmap", "file": "minecraft:item/emoji/uaproject/cat_caress.png", "ascent": 8, "height": 10, "chars": ["闈"]},
      {"type": "bitmap", "file": "minecraft:item/emoji/uaproject/cat_chair.png", "ascent": 8, "height": 10, "chars": ["俨"]},
      {"type": "bitmap", "file": "minecraft:item/emoji/uaproject/cat_cry.png", "ascent": 8, "height": 10, "chars": ["鐬"]},
      {"type": "bitmap", "file": "minecraft:item/emoji/uaproject/cat_dancing.png", "ascent": 8, "height": 10, "chars": ["蘺"]},
      {"type": "bitmap", "file": "minecraft:item/emoji/uaproject/cat_dancing2.png", "ascent": 8, "height": 10, "chars": ["譕"]},
      {"type": "bitmap", "file": "minecraft:item/emoji/uaproject/cat_dreaming.png", "ascent": 8, "height": 10, "chars": ["锇"]},
      {"type": "bitmap", "file": "minecraft:item/emoji/uaproject/cat_eat.png", "ascent": 8, "height": 10, "chars": ["晥"]},
      {"type": "bitmap", "file": "minecraft:item/emoji/uaproject/cat_fall.png", "ascent": 8, "height": 10, "chars": ["鰚"]},
      {"type": "bitmap", "file": "minecraft:item/emoji/uaproject/cat_gaze.png", "ascent": 8, "height": 10, "chars": ["蜞"]},
      {"type": "bitmap", "file": "minecraft:item/emoji/uaproject/cat_happy.png", "ascent": 8, "height": 10, "chars": ["侶"]},
      {"type": "bitmap", "file": "minecraft:item/emoji/uaproject/cat_hihihi.png", "ascent": 8, "height": 10, "chars": ["憓"]},
      {"type": "bitmap", "file": "minecraft:item/emoji/uaproject/cat_hxdfrench.png", "ascent": 8, "height": 10, "chars": ["讨"]},
      {"type": "bitmap", "file": "minecraft:item/emoji/uaproject/cat_intelegent.png", "ascent": 8, "height": 10, "chars": ["锵"]},
      {"type": "bitmap", "file": "minecraft:item/emoji/uaproject/cat_interest.png", "ascent": 8, "height": 10, "chars": ["僵"]},
      {"type": "bitmap", "file": "minecraft:item/emoji/uaproject/cat_kiss.png", "ascent": 8, "height": 10, "chars": ["璛"]},
      {"type": "bitmap", "file": "minecraft:item/emoji/uaproject/cat_mad.png", "ascent": 8, "height": 10, "chars": ["郫"]},
      {"type": "bitmap", "file": "minecraft:item/emoji/uaproject/cat_nerd.png", "ascent": 8, "height": 10, "chars": ["唥"]},
      {"type": "bitmap", "file": "minecraft:item/emoji/uaproject/cat_omg.png", "ascent": 8, "height": 10, "chars": ["萰"]},
      {"type": "bitmap", "file": "minecraft:item/emoji/uaproject/cat_plache.png", "ascent": 8, "height": 10, "chars": ["铸"]},
      {"type": "bitmap", "file": "minecraft:item/emoji/uaproject/cat_plink.png", "ascent": 8, "height": 10, "chars": ["勈"]},
      {"type": "bitmap", "file": "minecraft:item/emoji/uaproject/cat_police.png", "ascent": 8, "height": 10, "chars": ["嬛"]},
      {"type": "bitmap", "file": "minecraft:item/emoji/uaproject/cat_raining.png", "ascent": 8, "height": 10, "chars": ["醹"]},
      {"type": "bitmap", "file": "minecraft:item/emoji/uaproject/cat_roaring.png", "ascent": 8, "height": 10, "chars": ["撖"]},
      {"type": "bitmap", "file": "minecraft:item/emoji/uaproject/cat_rose.png", "ascent": 8, "height": 10, "chars": ["怃"]},
      {"type": "bitmap", "file": "minecraft:item/emoji/uaproject/cat_rose2.png", "ascent": 8, "height": 10, "chars": ["援"]},
      {"type": "bitmap", "file": "minecraft:item/emoji/uaproject/cat_sad.png", "ascent": 8, "height": 10, "chars": ["絇"]},
      {"type": "bitmap", "file": "minecraft:item/emoji/uaproject/cat_scream.png", "ascent": 8, "height": 10, "chars": ["魲"]},
      {"type": "bitmap", "file": "minecraft:item/emoji/uaproject/cat_sexy.png", "ascent": 8, "height": 10, "chars": ["薣"]},
      {"type": "bitmap", "file": "minecraft:item/emoji/uaproject/cat_shocked.png", "ascent": 8, "height": 10, "chars": ["礎"]},
      {"type": "bitmap", "file": "minecraft:item/emoji/uaproject/cat_silly.png", "ascent": 8, "height": 10, "chars": ["滍"]},
      {"type": "bitmap", "file": "minecraft:item/emoji/uaproject/cat_silly2.png", "ascent": 8, "height": 10, "chars": ["佨"]},
      {"type": "bitmap", "file": "minecraft:item/emoji/uaproject/cat_silly3.png", "ascent": 8, "height": 10, "chars": ["蕕"]},
      {"type": "bitmap", "file": "minecraft:item/emoji/uaproject/cat_silly4.png", "ascent": 8, "height": 10, "chars": ["呍"]},
      {"type": "bitmap", "file": "minecraft:item/emoji/uaproject/cat_silly5.png", "ascent": 8, "height": 10, "chars": ["噳"]},
      {"type": "bitmap", "file": "minecraft:item/emoji/uaproject/cat_sniffing.png", "ascent": 8, "height": 10, "chars": ["擩"]},
      {"type": "bitmap", "file": "minecraft:item/emoji/uaproject/cat_staring.png", "ascent": 8, "height": 10, "chars": ["呺"]},
      {"type": "bitmap", "file": "minecraft:item/emoji/uaproject/cat_staring2.png", "ascent": 8, "height": 10, "chars": ["鞂"]},
      {"type": "bitmap", "file": "minecraft:item/emoji/uaproject/cat_sus.png", "ascent": 8, "height": 10, "chars": ["莭"]},
      {"type": "bitmap", "file": "minecraft:item/emoji/uaproject/cat_war.png", "ascent": 8, "height": 10, "chars": ["榴"]},
      {"type": "bitmap", "file": "minecraft:item/emoji/uaproject/cat_watching.png", "ascent": 8, "height": 10, "chars": ["渢"]},
      {"type": "bitmap", "file": "minecraft:item/emoji/uaproject/cat_wow.png", "ascent": 8, "height": 10, "chars": ["笇"]},
      {"type": "bitmap", "file": "minecraft:item/emoji/uaproject/cat_wtf.png", "ascent": 8, "height": 10, "chars": ["縨"]},
      {"type": "bitmap", "file": "minecraft:item/emoji/uaproject/cat_wth.png", "ascent": 8, "height": 10, "chars": ["齜"]},
      {"type": "bitmap", "file": "minecraft:item/emoji/uaproject/cat_xd.png", "ascent": 8, "height": 10, "chars": ["踞"]},
      {"type": "bitmap", "file": "minecraft:item/emoji/uaproject/cat_zhakh.png", "ascent": 8, "height": 10, "chars": ["椽"]},
      {"type": "bitmap", "file": "minecraft:item/emoji/uaproject/diamond_ore.png", "ascent": 8, "height": 10, "chars": ["職"]},
      {"type": "bitmap", "file": "minecraft:item/emoji/uaproject/did_sad.png", "ascent": 8, "height": 10, "chars": ["墿"]},
      {"type": "bitmap", "file": "minecraft:item/emoji/uaproject/dog_afraid.png", "ascent": 8, "height": 10, "chars": ["暥"]},
      {"type": "bitmap", "file": "minecraft:item/emoji/uaproject/dog_child.png", "ascent": 8, "height": 10, "chars": ["私"]},
      {"type": "bitmap", "file": "minecraft:item/emoji/uaproject/dog_intelligent.png", "ascent": 8, "height": 10, "chars": ["讲"]},
      {"type": "bitmap", "file": "minecraft:item/emoji/uaproject/dog_nerd.png", "ascent": 8, "height": 10, "chars": ["臗"]},
      {"type": "bitmap", "file": "minecraft:item/emoji/uaproject/dog_smile.png", "ascent": 8, "height": 10, "chars": ["躵"]},
      {"type": "bitmap", "file": "minecraft:item/emoji/uaproject/dog_watch.png", "ascent": 8, "height": 10, "chars": ["曜"]},
      {"type": "bitmap", "file": "minecraft:item/emoji/uaproject/dog_wow.png", "ascent": 8, "height": 10, "chars": ["榃"]},
      {"type": "bitmap", "file": "minecraft:item/emoji/uaproject/donkey_gaze.png", "ascent": 8, "height": 10, "chars": ["毧"]},
      {"type": "bitmap", "file": "minecraft:item/emoji/uaproject/duck.png", "ascent": 8, "height": 10, "chars": ["趘"]},
      {"type": "bitmap", "file": "minecraft:item/emoji/uaproject/frog_smile.png", "ascent": 8, "height": 10, "chars": ["棨"]},
      {"type": "bitmap", "file": "minecraft:item/emoji/uaproject/hahaha.png", "ascent": 8, "height": 10, "chars": ["妻"]},
      {"type": "bitmap", "file": "minecraft:item/emoji/uaproject/hahellnuh.png", "ascent": 8, "height": 10, "chars": ["扅"]},
      {"type": "bitmap", "file": "minecraft:item/emoji/uaproject/hamster.png", "ascent": 8, "height": 10, "chars": ["婞"]},
      {"type": "bitmap", "file": "minecraft:item/emoji/uaproject/jacque_fresco.png", "ascent": 8, "height": 10, "chars": ["旝"]},
      {"type": "bitmap", "file": "minecraft:item/emoji/uaproject/jdun.png", "ascent": 8, "height": 10, "chars": ["螄"]},
      {"type": "bitmap", "file": "minecraft:item/emoji/uaproject/nahruk.png", "ascent": 8, "height": 10, "chars": ["梨"]},
      {"type": "bitmap", "file": "minecraft:item/emoji/uaproject/pepa.png", "ascent": 8, "height": 10, "chars": ["甗"]},
      {"type": "bitmap", "file": "minecraft:item/emoji/uaproject/pepelove.png", "ascent": 8, "height": 10, "chars": ["杪"]},
      {"type": "bitmap", "file": "minecraft:item/emoji/uaproject/pepe_boat.png", "ascent": 8, "height": 10, "chars": ["俇"]},
      {"type": "bitmap", "file": "minecraft:item/emoji/uaproject/pepe_booba.png", "ascent": 8, "height": 10, "chars": ["鿟"]},
      {"type": "bitmap", "file": "minecraft:item/emoji/uaproject/pepe_hacker.png", "ascent": 8, "height": 10, "chars": ["鉶"]},
      {"type": "bitmap", "file": "minecraft:item/emoji/uaproject/pepe_happy.png", "ascent": 8, "height": 10, "chars": ["蟪"]},
      {"type": "bitmap", "file": "minecraft:item/emoji/uaproject/pepe_intelegent.png", "ascent": 8, "height": 10, "chars": ["侂"]},
      {"type": "bitmap", "file": "minecraft:item/emoji/uaproject/pepe_sad.png", "ascent": 8, "height": 10, "chars": ["湶"]},
      {"type": "bitmap", "file": "minecraft:item/emoji/uaproject/pepe_sik.png", "ascent": 8, "height": 10, "chars": ["儲"]},
      {"type": "bitmap", "file": "minecraft:item/emoji/uaproject/pepe_sleep.png", "ascent": 8, "height": 10, "chars": ["硁"]},
      {"type": "bitmap", "file": "minecraft:item/emoji/uaproject/pepe_think.png", "ascent": 8, "height": 10, "chars": ["訡"]},
      {"type": "bitmap", "file": "minecraft:item/emoji/uaproject/pepe_wow.png", "ascent": 8, "height": 10, "chars": ["澷"]},
      {"type": "bitmap", "file": "minecraft:item/emoji/uaproject/smile.png", "ascent": 8, "height": 10, "chars": ["稖"]},
      {"type": "bitmap", "file": "minecraft:item/emoji/uaproject/smile_nooo.png", "ascent": 8, "height": 10, "chars": ["氡"]},
      {"type": "bitmap", "file": "minecraft:item/emoji/uaproject/smile_pain.png", "ascent": 8, "height": 10, "chars": ["鑆"]},
      {"type": "bitmap", "file": "minecraft:item/emoji/uaproject/smile_sad.png", "ascent": 8, "height": 10, "chars": ["詟"]},
      {"type": "bitmap", "file": "minecraft:item/emoji/uaproject/smile_sussy.png", "ascent": 8, "height": 10, "chars": ["湄"]},
      {"type": "bitmap", "file": "minecraft:item/emoji/uaproject/smile_typing.png", "ascent": 8, "height": 10, "chars": ["俪"]},
      {"type": "bitmap", "file": "minecraft:item/emoji/uaproject/smile_xaxaxa.png", "ascent": 8, "height": 10, "chars": ["篑"]},
      {"type": "bitmap", "file": "minecraft:item/emoji/uaproject/sponge_dance.png", "ascent": 8, "height": 10, "chars": ["袥"]},
      {"type": "bitmap", "file": "minecraft:item/emoji/uaproject/stark_scream.png", "ascent": 8, "height": 10, "chars": ["兮"]},
      {"type": "bitmap", "file": "minecraft:item/emoji/uaproject/sus.png", "ascent": 8, "height": 10, "chars": ["鶄"]},
      {"type": "bitmap", "file": "minecraft:item/emoji/uaproject/uap.png", "ascent": 8, "height": 10, "chars": ["兜"]},
      {"type": "bitmap", "file": "minecraft:item/emoji/uaproject/wait_smile.png", "ascent": 8, "height": 10, "chars": ["群"]},


      {"type": "bitmap", "file": "minecraft:item/emoji/uaproject_archive/1cat_cry.png", "ascent": 8, "height": 10, "chars": ["複"]},
      {"type": "bitmap", "file": "minecraft:item/emoji/uaproject_archive/1cat_dancing.png", "ascent": 8, "height": 10, "chars": ["弛"]},
      {"type": "bitmap", "file": "minecraft:item/emoji/uaproject_archive/1cat_dancing2.png", "ascent": 8, "height": 10, "chars": ["庞"]},
      {"type": "bitmap", "file": "minecraft:item/emoji/uaproject_archive/1cat_police.png", "ascent": 8, "height": 10, "chars": ["魴"]},
      {"type": "bitmap", "file": "minecraft:item/emoji/uaproject_archive/1cat_real.png", "ascent": 8, "height": 10, "chars": ["靁"]},
      {"type": "bitmap", "file": "minecraft:item/emoji/uaproject_archive/2cat_wow.png", "ascent": 8, "height": 10, "chars": ["迗"]},
      {"type": "bitmap", "file": "minecraft:item/emoji/uaproject_archive/2jacque_fresco.png", "ascent": 8, "height": 10, "chars": ["坳"]},
      {"type": "bitmap", "file": "minecraft:item/emoji/uaproject_archive/2pepe_boat.png", "ascent": 8, "height": 10, "chars": ["侎"]},
      {"type": "bitmap", "file": "minecraft:item/emoji/uaproject_archive/2pepe_booba.png", "ascent": 8, "height": 10, "chars": ["怭"]},
      {"type": "bitmap", "file": "minecraft:item/emoji/uaproject_archive/2pepe_hacker.png", "ascent": 8, "height": 10, "chars": ["鰾"]},
      {"type": "bitmap", "file": "minecraft:item/emoji/uaproject_archive/2pepe_happy.png", "ascent": 8, "height": 10, "chars": ["骂"]},
      {"type": "bitmap", "file": "minecraft:item/emoji/uaproject_archive/2pepe_intelegent.png", "ascent": 8, "height": 10, "chars": ["挢"]},
      {"type": "bitmap", "file": "minecraft:item/emoji/uaproject_archive/2pepe_sad.png", "ascent": 8, "height": 10, "chars": ["儈"]},
      {"type": "bitmap", "file": "minecraft:item/emoji/uaproject_archive/2pepe_sleep.png", "ascent": 8, "height": 10, "chars": ["鿂"]},
      {"type": "bitmap", "file": "minecraft:item/emoji/uaproject_archive/2pepe_think.png", "ascent": 8, "height": 10, "chars": ["趀"]},
      {"type": "bitmap", "file": "minecraft:item/emoji/uaproject_archive/2pepe_wow.png", "ascent": 8, "height": 10, "chars": ["蠺"]},
      {"type": "bitmap", "file": "minecraft:item/emoji/uaproject_archive/2pishe.png", "ascent": 8, "height": 10, "chars": ["糐"]},
      {"type": "bitmap", "file": "minecraft:item/emoji/uaproject_archive/2smile.png", "ascent": 8, "height": 10, "chars": ["骑"]},
      {"type": "bitmap", "file": "minecraft:item/emoji/uaproject_archive/3duck.png", "ascent": 8, "height": 10, "chars": ["詖"]},
      {"type": "bitmap", "file": "minecraft:item/emoji/uaproject_archive/anton.png", "ascent": 8, "height": 10, "chars": ["晕"]},
      {"type": "bitmap", "file": "minecraft:item/emoji/uaproject_archive/bobik.png", "ascent": 8, "height": 10, "chars": ["岹"]},
      {"type": "bitmap", "file": "minecraft:item/emoji/uaproject_archive/bullet1.png", "ascent": 8, "height": 10, "chars": ["榍"]},
      {"type": "bitmap", "file": "minecraft:item/emoji/uaproject_archive/bullet2.png", "ascent": 8, "height": 10, "chars": ["消"]},
      {"type": "bitmap", "file": "minecraft:item/emoji/uaproject_archive/bullet3.png", "ascent": 8, "height": 10, "chars": ["鰌"]},
      {"type": "bitmap", "file": "minecraft:item/emoji/uaproject_archive/bum.png", "ascent": 8, "height": 10, "chars": ["邭"]},
      {"type": "bitmap", "file": "minecraft:item/emoji/uaproject_archive/cat_.png", "ascent": 8, "height": 10, "chars": ["烱"]},
      {"type": "bitmap", "file": "minecraft:item/emoji/uaproject_archive/cat_angry.png", "ascent": 8, "height": 10, "chars": ["簤"]},
      {"type": "bitmap", "file": "minecraft:item/emoji/uaproject_archive/cat_eat.png", "ascent": 8, "height": 10, "chars": ["鴣"]},
      {"type": "bitmap", "file": "minecraft:item/emoji/uaproject_archive/cat_fresh.png", "ascent": 8, "height": 10, "chars": ["虄"]},
      {"type": "bitmap", "file": "minecraft:item/emoji/uaproject_archive/cat_haha.png", "ascent": 8, "height": 10, "chars": ["蜑"]},
      {"type": "bitmap", "file": "minecraft:item/emoji/uaproject_archive/cat_happy.png", "ascent": 8, "height": 10, "chars": ["沲"]},
      {"type": "bitmap", "file": "minecraft:item/emoji/uaproject_archive/cat_intelegent.png", "ascent": 8, "height": 10, "chars": ["稕"]},
      {"type": "bitmap", "file": "minecraft:item/emoji/uaproject_archive/cat_mad.png", "ascent": 8, "height": 10, "chars": ["顪"]},
      {"type": "bitmap", "file": "minecraft:item/emoji/uaproject_archive/cat_plache.png", "ascent": 8, "height": 10, "chars": ["棌"]},
      {"type": "bitmap", "file": "minecraft:item/emoji/uaproject_archive/cat_plink.png", "ascent": 8, "height": 10, "chars": ["麸"]},
      {"type": "bitmap", "file": "minecraft:item/emoji/uaproject_archive/cat_sad.png", "ascent": 8, "height": 10, "chars": ["嗪"]},
      {"type": "bitmap", "file": "minecraft:item/emoji/uaproject_archive/cat_scream.png", "ascent": 8, "height": 10, "chars": ["饠"]},
      {"type": "bitmap", "file": "minecraft:item/emoji/uaproject_archive/cat_silly.png", "ascent": 8, "height": 10, "chars": ["鳀"]},
      {"type": "bitmap", "file": "minecraft:item/emoji/uaproject_archive/cat_wow.png", "ascent": 8, "height": 10, "chars": ["鲴"]},
      {"type": "bitmap", "file": "minecraft:item/emoji/uaproject_archive/cat_wtf.png", "ascent": 8, "height": 10, "chars": ["栫"]},
      {"type": "bitmap", "file": "minecraft:item/emoji/uaproject_archive/cat_zhakh.png", "ascent": 8, "height": 10, "chars": ["秙"]},
      {"type": "bitmap", "file": "minecraft:item/emoji/uaproject_archive/cat_zliy.png", "ascent": 8, "height": 10, "chars": ["骎"]},
      {"type": "bitmap", "file": "minecraft:item/emoji/uaproject_archive/dog_nerd.png", "ascent": 8, "height": 10, "chars": ["鴳"]},
      {"type": "bitmap", "file": "minecraft:item/emoji/uaproject_archive/dog_smile.png", "ascent": 8, "height": 10, "chars": ["犚"]},
      {"type": "bitmap", "file": "minecraft:item/emoji/uaproject_archive/elytra.png", "ascent": 8, "height": 10, "chars": ["遻"]},
      {"type": "bitmap", "file": "minecraft:item/emoji/uaproject_archive/fedia.png", "ascent": 8, "height": 10, "chars": ["亳"]},
      {"type": "bitmap", "file": "minecraft:item/emoji/uaproject_archive/fyuz_pofiksy.png", "ascent": 8, "height": 10, "chars": ["复"]},
      {"type": "bitmap", "file": "minecraft:item/emoji/uaproject_archive/gosling.png", "ascent": 8, "height": 10, "chars": ["蓋"]},
      {"type": "bitmap", "file": "minecraft:item/emoji/uaproject_archive/guy_in_shower.png", "ascent": 8, "height": 10, "chars": ["袅"]},
      {"type": "bitmap", "file": "minecraft:item/emoji/uaproject_archive/hahaha.png", "ascent": 8, "height": 10, "chars": ["鋬"]},
      {"type": "bitmap", "file": "minecraft:item/emoji/uaproject_archive/hordon.png", "ascent": 8, "height": 10, "chars": ["麖"]},
      {"type": "bitmap", "file": "minecraft:item/emoji/uaproject_archive/kvadratovych.png", "ascent": 8, "height": 10, "chars": ["項"]},
      {"type": "bitmap", "file": "minecraft:item/emoji/uaproject_archive/love.png", "ascent": 8, "height": 10, "chars": ["諥"]},
      {"type": "bitmap", "file": "minecraft:item/emoji/uaproject_archive/music_disc.png", "ascent": 8, "height": 10, "chars": ["癗"]},
      {"type": "bitmap", "file": "minecraft:item/emoji/uaproject_archive/m_allayeatcookie.png", "ascent": 8, "height": 10, "chars": ["泘"]},
      {"type": "bitmap", "file": "minecraft:item/emoji/uaproject_archive/m_barrier.png", "ascent": 8, "height": 10, "chars": ["荽"]},
      {"type": "bitmap", "file": "minecraft:item/emoji/uaproject_archive/nahruk.png", "ascent": 8, "height": 10, "chars": ["柒"]},
      {"type": "bitmap", "file": "minecraft:item/emoji/uaproject_archive/nerd.png", "ascent": 8, "height": 10, "chars": ["写"]},
      {"type": "bitmap", "file": "minecraft:item/emoji/uaproject_archive/pepe_.png", "ascent": 8, "height": 10, "chars": ["籩"]},
      {"type": "bitmap", "file": "minecraft:item/emoji/uaproject_archive/pepe_ban.png", "ascent": 8, "height": 10, "chars": ["噁"]},
      {"type": "bitmap", "file": "minecraft:item/emoji/uaproject_archive/pepe_batman.png", "ascent": 8, "height": 10, "chars": ["巊"]},
      {"type": "bitmap", "file": "minecraft:item/emoji/uaproject_archive/pepe_clown.png", "ascent": 8, "height": 10, "chars": ["窎"]},
      {"type": "bitmap", "file": "minecraft:item/emoji/uaproject_archive/pepe_cross.png", "ascent": 8, "height": 10, "chars": ["蟹"]},
      {"type": "bitmap", "file": "minecraft:item/emoji/uaproject_archive/pepe_happy.png", "ascent": 8, "height": 10, "chars": ["切"]},
      {"type": "bitmap", "file": "minecraft:item/emoji/uaproject_archive/pepe_heart.png", "ascent": 8, "height": 10, "chars": ["賿"]},
      {"type": "bitmap", "file": "minecraft:item/emoji/uaproject_archive/pepe_like.png", "ascent": 8, "height": 10, "chars": ["锽"]},
      {"type": "bitmap", "file": "minecraft:item/emoji/uaproject_archive/pepe_love.png", "ascent": 8, "height": 10, "chars": ["冁"]},
      {"type": "bitmap", "file": "minecraft:item/emoji/uaproject_archive/pepe_perfect.png", "ascent": 8, "height": 10, "chars": ["福"]},
      {"type": "bitmap", "file": "minecraft:item/emoji/uaproject_archive/pepe_pishe.png", "ascent": 8, "height": 10, "chars": ["扯"]},
      {"type": "bitmap", "file": "minecraft:item/emoji/uaproject_archive/pepe_pls.png", "ascent": 8, "height": 10, "chars": ["篏"]},
      {"type": "bitmap", "file": "minecraft:item/emoji/uaproject_archive/pepe_relax.png", "ascent": 8, "height": 10, "chars": ["麑"]},
      {"type": "bitmap", "file": "minecraft:item/emoji/uaproject_archive/pepe_shhh.png", "ascent": 8, "height": 10, "chars": ["购"]},
      {"type": "bitmap", "file": "minecraft:item/emoji/uaproject_archive/pepe_suit.png", "ascent": 8, "height": 10, "chars": ["萍"]},
      {"type": "bitmap", "file": "minecraft:item/emoji/uaproject_archive/pepe_suprised.png", "ascent": 8, "height": 10, "chars": ["曰"]},
      {"type": "bitmap", "file": "minecraft:item/emoji/uaproject_archive/pepe_tea.png", "ascent": 8, "height": 10, "chars": ["駐"]},
      {"type": "bitmap", "file": "minecraft:item/emoji/uaproject_archive/pepe_wow.png", "ascent": 8, "height": 10, "chars": ["夆"]},
      {"type": "bitmap", "file": "minecraft:item/emoji/uaproject_archive/pinhvin_wow.png", "ascent": 8, "height": 10, "chars": ["鲰"]},
      {"type": "bitmap", "file": "minecraft:item/emoji/uaproject_archive/piramidych.png", "ascent": 8, "height": 10, "chars": ["葈"]},
      {"type": "bitmap", "file": "minecraft:item/emoji/uaproject_archive/rozmova_stina.png", "ascent": 8, "height": 10, "chars": ["萗"]},
      {"type": "bitmap", "file": "minecraft:item/emoji/uaproject_archive/shiiiiish.png", "ascent": 8, "height": 10, "chars": ["距"]},
      {"type": "bitmap", "file": "minecraft:item/emoji/uaproject_archive/smile.png", "ascent": 8, "height": 10, "chars": ["勴"]},
      {"type": "bitmap", "file": "minecraft:item/emoji/uaproject_archive/smile_angry.png", "ascent": 8, "height": 10, "chars": ["崮"]},
      {"type": "bitmap", "file": "minecraft:item/emoji/uaproject_archive/smile_cool.png", "ascent": 8, "height": 10, "chars": ["肉"]},
      {"type": "bitmap", "file": "minecraft:item/emoji/uaproject_archive/smile_dumb.png", "ascent": 8, "height": 10, "chars": ["噪"]},
      {"type": "bitmap", "file": "minecraft:item/emoji/uaproject_archive/smile_fall.png", "ascent": 8, "height": 10, "chars": ["细"]},
      {"type": "bitmap", "file": "minecraft:item/emoji/uaproject_archive/smile_neznau.png", "ascent": 8, "height": 10, "chars": ["耫"]},
      {"type": "bitmap", "file": "minecraft:item/emoji/uaproject_archive/smile_opa.png", "ascent": 8, "height": 10, "chars": ["钜"]},
      {"type": "bitmap", "file": "minecraft:item/emoji/uaproject_archive/smile_pain.png", "ascent": 8, "height": 10, "chars": ["緎"]},
      {"type": "bitmap", "file": "minecraft:item/emoji/uaproject_archive/smile_sad.png", "ascent": 8, "height": 10, "chars": ["累"]},
      {"type": "bitmap", "file": "minecraft:item/emoji/uaproject_archive/smile_thinking.png", "ascent": 8, "height": 10, "chars": ["瞦"]},
      {"type": "bitmap", "file": "minecraft:item/emoji/uaproject_archive/smile_whynot.png", "ascent": 8, "height": 10, "chars": ["苜"]},
      {"type": "bitmap", "file": "minecraft:item/emoji/uaproject_archive/smile_wow.png", "ascent": 8, "height": 10, "chars": ["羍"]},
      {"type": "bitmap", "file": "minecraft:item/emoji/uaproject_archive/smile_wtf.png", "ascent": 8, "height": 10, "chars": ["猝"]},
      {"type": "bitmap", "file": "minecraft:item/emoji/uaproject_archive/smile_xaxaxa.png", "ascent": 8, "height": 10, "chars": ["缤"]},
      {"type": "bitmap", "file": "minecraft:item/emoji/uaproject_archive/trolled.png", "ascent": 8, "height": 10, "chars": ["黲"]},
      {"type": "bitmap", "file": "minecraft:item/emoji/uaproject_archive/wazowski.png", "ascent": 8, "height": 10, "chars": ["峿"]},
      {"type": "bitmap", "file": "minecraft:item/emoji/uaproject_archive/wtf.png", "ascent": 8, "height": 10, "chars": ["戉"]}
    ]
  }